{"ProjectBreakpoints":"{\"Value\":{\"Excelrobot.xaml\":[{\"ConditionalExpression\":null,\"ActionExpression\":null,\"ExpectedHitCounter\":null,\"ShouldContinueAfterAction\":false,\"IsEnabled\":true,\"ActivityIdRef\":\"Sequence_4\",\"ActivityId\":\"1.6\",\"ActivityName\":\"Body\"}],\"InvoiceExtractPDF.xaml\":[{\"ConditionalExpression\":null,\"ActionExpression\":null,\"ExpectedHitCounter\":null,\"ShouldContinueAfterAction\":false,\"IsEnabled\":true,\"ActivityIdRef\":\"TryCatch_3\",\"ActivityId\":\"1.61\",\"ActivityName\":\"Try Catch\"},{\"ConditionalExpression\":null,\"ActionExpression\":null,\"ExpectedHitCounter\":null,\"ShouldContinueAfterAction\":false,\"IsEnabled\":true,\"ActivityIdRef\":\"GetValue_7\",\"ActivityId\":\"1.70\",\"ActivityName\":\"Invoice extraction \"}],\"readExcelData.xaml\":[{\"ConditionalExpression\":null,\"ActionExpression\":null,\"ExpectedHitCounter\":null,\"ShouldContinueAfterAction\":false,\"IsEnabled\":true,\"ActivityIdRef\":\"Sequence_1\",\"ActivityId\":\"1.4\",\"ActivityName\":\"Do\"}]}}","ProjectWatches":"{\"Value\":[]}","OpenedDocuments":"[\"InvoiceExtractPDF.xaml\",\"Automation Runner.xaml\",\"ScreenScrapping.xaml\",\"SortFilter.xaml\",\"GdpCheckRobot.xaml\",\"readExcelData.xaml\",\"Excelrobot.xaml\"]"}